Higher taxonomic group,Order,Family,Genus,species,data or source,chromosome number (female),chromosome number (male),c-value,"predicted ploidy (1n, 2n, 3n, 4n)","sexes not separate (hemaphroditic, monoecious, gynodioecious, androdioecious)","karyotype (ZO, ZW, XY, XO, WO, homomorphic, complex XY, complex ZW) ","genotypic (male heterogametic, female heterogametic, GSD, polygenic)","maternal/haplo-diploid (maternal, haplo-diploid)","environmental (TSD, TSD Ia, TSD II, size, density, pH, ESD_other)","polyfactorial (yes, no)","molecular basis (dosage, Y dominant, W dominant)",entry initials,"notes, comments",source: chromosome number (female),source: chromosome number (male),source: c-value,"source: predicted ploidy (1n, 2n, 3n, 4n)","source: sexes not separate (hemaphroditic, monoecious, gynodioecious, androdioecious)","source: karyotype (ZO, ZW, XY, XO, WO, homomorphic, complex XY, complex ZW) ","source: genotypic (male heterogametic, female heterogametic, GSD, polygenic)","source: maternal/haplo-diploid (maternal, haplo-diploid)","source: environmental (TSD, TSD Ia, TSD II, size, density, pH, ESD_other)","source: polyfactorial (yes, no)","source: molecular basis (dosage, Y dominant, W dominant)"
Fish,Acipenseriformes,acipenseridae,Acipenser,transmontanus-1,data,,,4.73,,,homomorphic  ,female heterogametic,,,,,JEM,,,,http://www.genomesize.com,,,VanEenennaam|A.L.|1999,VanEenennaam|A.L.|1999,,,,
Fish,Acipenseriformes,acipenseridae,Acipenser,transmontanus-2,data,,,5.1,,,,,,,,,JEM,,,,http://www.genomesize.com,,,,,,,,
fish,Anguilliformes,Anguillidae,Anguilla,anguilla,data,38,38,,,,ZW,female heterogametic,,,,,JK,,Arai|Ryoichi|2011|Arai 2011 Fish Karyotypes,Arai|Ryoichi|2011|Arai 2011 Fish Karyotypes,,,,Arai|Ryoichi|2011|Arai 2011 Fish Karyotypes,Arai|Ryoichi|2011|Arai 2011 Fish Karyotypes,,,,
fish,Anguilliformes,Anguillidae,Anguilla,japonica,data,38,38,,,,ZW,female heterogametic,,,,,JK,,Arai|Ryoichi|2011|Arai 2011 Fish Karyotypes,Arai|Ryoichi|2011|Arai 2011 Fish Karyotypes,,,,Arai|Ryoichi|2011|Arai 2011 Fish Karyotypes,Arai|Ryoichi|2011|Arai 2011 Fish Karyotypes,,,,
fish,Anguilliformes,Anguillidae,Anguilla,rostrata,data,38,38,,,,ZW,female heterogametic,,,,,JK,,Arai|Ryoichi|2011|Arai 2011 Fish Karyotypes,Arai|Ryoichi|2011|Arai 2011 Fish Karyotypes,,,,Arai|Ryoichi|2011|Arai 2011 Fish Karyotypes,Arai|Ryoichi|2011|Arai 2011 Fish Karyotypes,,,,
fish,Anguilliformes,Congridae,Conger,myriaster,data,56,56,,,,ZW,female heterogametic,,,,,JK,,Arai|Ryoichi|2011|Arai 2011 Fish Karyotypes,Arai|Ryoichi|2011|Arai 2011 Fish Karyotypes,,,,Arai|Ryoichi|2011|Arai 2011 Fish Karyotypes,Arai|Ryoichi|2011|Arai 2011 Fish Karyotypes,,,,
Fish,Anguilliformes,muraenidae,Echidna,nebulosa,data,,,,,hermaphrodite,,,,,,,JEM,protogynous hermaphrodite,,,,,Devlin|R.H.|2002|Devlin and Nagahama 2002,,,,,,
Fish,Anguilliformes,muraenidae,Gymnomuraena,zebra,data,,,,,hermaphrodite,,,,,,,JEM,protogynous hermaphrodite,,,,,Devlin|R.H.|2002|Devlin and Nagahama 2002,,,,,,
Fish,Anguilliformes,muraenidae,Gymnothorax,eurostus,data,,,,,,homomorphic  ,male heterogametic,,,,,JEM,,,,,,,Devlin|R.H.|2002|Devlin and Nagahama 2002,Devlin|R.H.|2002|Devlin and Nagahama 2002,,,,
Fish,Anguilliformes,muraenidae,Gymnothorax,fimbriata,data,,,,,hermaphrodite,,,,,,,JEM,protogynous hermaphrodite,,,,,Devlin|R.H.|2002|Devlin and Nagahama 2002,,,,,,
Fish,Anguilliformes,muraenidae,Gymnothorax,flavimarginatus,data,,,,,hermaphrodite,,,,,,,JEM,protogynous hermaphrodite,,,,,Devlin|R.H.|2002|Devlin and Nagahama 2002,,,,,,
Fish,Anguilliformes,muraenidae,Gymnothorax,gracilicauda,data,,,,,hermaphrodite,,,,,,,JEM,protogynous hermaphrodite,,,,,Devlin|R.H.|2002|Devlin and Nagahama 2002,,,,,,
Fish,Anguilliformes,muraenidae,Gymnothorax,margaritophorus,data,,,,,hermaphrodite,,,,,,,JEM,protogynous hermaphrodite,,,,,Devlin|R.H.|2002|Devlin and Nagahama 2002,,,,,,
Fish,Anguilliformes,muraenidae,Muraena,pavonina,data,,,,,hermaphrodite,,,,,,,JEM,protogynous hermaphrodite,,,,,Devlin|R.H.|2002|Devlin and Nagahama 2002,,,,,,
Fish,Anguilliformes,muraenidae,Siderea,grisea,data,,,1.91,,hermaphrodite,,,,,,,JEM,simultaneous hermaphrodite,,,http://www.genomesize.com,,Devlin|R.H.|2002|Devlin and Nagahama 2002,,,,,,
Fish,Anguilliformes,muraenidae,Siderea,picta,data,,,,,hermaphrodite,,,,,,,JEM,simultaneous hermaphrodite,,,,,Devlin|R.H.|2002|Devlin and Nagahama 2002,,,,,,
Fish,Anguilliformes,muraenidae,Siderea,thyrsoidea,data,,,,,hermaphrodite,,,,,,,JEM,simultaneous hermaphrodite,,,,,Devlin|R.H.|2002|Devlin and Nagahama 2002,,,,,,
Fish,Anguilliformes,muraenidae,Uropterygius,fasciolatus,data,,,,,hermaphrodite,,,,,,,JEM,protogynous hermaphrodite,,,,,Devlin|R.H.|2002|Devlin and Nagahama 2002,,,,,,
Fish,Anguilliformes,muraenidae,Uropterygius,polyspilus,data,,,,,hermaphrodite,,,,,,,JEM,protogynous hermaphrodite,,,,,Devlin|R.H.|2002|Devlin and Nagahama 2002,,,,,,
Fish,Anguilliformes,Ophichthidae,Muraenichthys,gymnotus,data,48,47,,2n,,complex XY,male heterogametic,,,,,KP,X1X2Y,"Murofushi|M|1984|Murofushi M, Yosida TH (1984) Cytogenetical studies on fishes. VIII. XX-Y sex chromosome mechanism newly found in the snake eel, Muraenichthys gymnotus (Anguilloform, Pisces). Proc Jpn Acad Ser B Phys Biol Sci 60(2):21-23 ","Murofushi|M|1984|Murofushi M, Yosida TH (1984) Cytogenetical studies on fishes. VIII. XX-Y sex chromosome mechanism newly found in the snake eel, Muraenichthys gymnotus (Anguilloform, Pisces). Proc Jpn Acad Ser B Phys Biol Sci 60(2):21-23 ",,,,"Murofushi|M|1984|Murofushi M, Yosida TH (1984) Cytogenetical studies on fishes. VIII. XX-Y sex chromosome mechanism newly found in the snake eel, Muraenichthys gymnotus (Anguilloform, Pisces). Proc Jpn Acad Ser B Phys Biol Sci 60(2):21-23 ","Murofushi|M|1984|Murofushi M, Yosida TH (1984) Cytogenetical studies on fishes. VIII. XX-Y sex chromosome mechanism newly found in the snake eel, Muraenichthys gymnotus (Anguilloform, Pisces). Proc Jpn Acad Ser B Phys Biol Sci 60(2):21-23 ",,,,
Fish,Anguilliformes,ophichthidae,Scolecenchelys,gymnotus,data,,,,,,homomorphic,male heterogametic,,,,,JEM,X1Y1Y2,,,,,,Devlin|R.H.|2002|Devlin and Nagahama 2002,Devlin|R.H.|2002|Devlin and Nagahama 2002,,,,
fish,Anguilliformes,Ophichthinae,Dalophis,imberbis,data,46,46,,,,ZW,female heterogametic,,,,,JK,,Arai|Ryoichi|2011|Arai 2011 Fish Karyotypes,Arai|Ryoichi|2011|Arai 2011 Fish Karyotypes,,,,Arai|Ryoichi|2011|Arai 2011 Fish Karyotypes,Arai|Ryoichi|2011|Arai 2011 Fish Karyotypes,,,,
Fish,Atheriniformes,atherinidae,Menidia,menidia,data,,,,,,,,,TSD,,,JEM,,,,,,,,,,Conover|D.O.|1981 ,,
Fish,Atheriniformes,atherinidae,Menidia,peninsula,data,,,,,,,,,TSD,,,JEM,,,,,,,,,,Middaugh|D.P.|1987,,
Fish,Atheriniformes,atherinidae,Odontesthes,argentinensis,data,,,,,,,,,TSD,,,JEM,,,,,,,,,,Strussman|C.A.|1996,,
Fish,Atheriniformes,atherinidae,Odontesthes,bonariensis,data,,,,,,,,,TSD,,,JEM,,,,,,,,,,Strussman|C.A.|1996,,
Fish,Atheriniformes,atherinidae,Odontesthes,hatcheri,data,,,,,,,,,TSD,,,JEM,,,,,,,,,,Strussman|C.A.|1996,,
Fish,Aulopiformes,aulopidae,Aulopus,japonicus,data,,,,,,homomorphic  ,female heterogametic,,,,,JEM,,,,,,,Devlin|R.H.|2002|Devlin and Nagahama 2002,Devlin|R.H.|2002|Devlin and Nagahama 2002,,,,
Fish,Aulopiformes,chlorophthalmidae,Chlorophthalmus,albatrossis,data,,,,,hermaphrodite,,,,,,,JEM,simultaneous hermaphrodite,,,,,Devlin|R.H.|2002|Devlin and Nagahama 2002,,,,,,
Fish,Aulopiformes,ipnopidae,Bathypterois,dubius,data,,,,,hermaphrodite,,,,,,,JEM,simultaneous hermaphrodite,,,,,Fishelson|L.|2001,,,,,,
fish,Aulopiformes,Synodontidae,Saurida,elongata-1,data,48,48,,,,ZW,female heterogametic,,,,,JK,,Arai|Ryoichi|2011|Arai 2011 Fish Karyotypes,Arai|Ryoichi|2011|Arai 2011 Fish Karyotypes,,,,Arai|Ryoichi|2011|Arai 2011 Fish Karyotypes,Arai|Ryoichi|2011|Arai 2011 Fish Karyotypes,,,,
Fish,Aulopiformes,Synodontidae,Saurida,elongata-2,data,48,48,,2n,,ZW,female heterogametic,,,,,KP,,"Ueno|K|2001|Ueno K, Ota K, Kobayashi T (2001) Heteromorphic sex chromosomes of lizardfish (Synodontidae): focus on the ZZ-ZW1W2 system in Trachinocephalus myops. Genetica 111:133-142","Ueno|K|2001|Ueno K, Ota K, Kobayashi T (2001) Heteromorphic sex chromosomes of lizardfish (Synodontidae): focus on the ZZ-ZW1W2 system in Trachinocephalus myops. Genetica 111:133-142",,,,"Ueno|K|2001|Ueno K, Ota K, Kobayashi T (2001) Heteromorphic sex chromosomes of lizardfish (Synodontidae): focus on the ZZ-ZW1W2 system in Trachinocephalus myops. Genetica 111:133-142","Ueno|K|2001|Ueno K, Ota K, Kobayashi T (2001) Heteromorphic sex chromosomes of lizardfish (Synodontidae): focus on the ZZ-ZW1W2 system in Trachinocephalus myops. Genetica 111:133-142",,,,
fish,Aulopiformes,Synodontidae,Saurida,sp.2,data,48,48,,,,ZW,female heterogametic,,,,,JK,,Arai|Ryoichi|2011|Arai 2011 Fish Karyotypes,Arai|Ryoichi|2011|Arai 2011 Fish Karyotypes,,,,Arai|Ryoichi|2011|Arai 2011 Fish Karyotypes,Arai|Ryoichi|2011|Arai 2011 Fish Karyotypes,,,,
Fish,Aulopiformes,synodontidae,Saurida,undosquamis,data,,,,,,homomorphic  ,female heterogametic,,,,,JEM,,,,,,,Devlin|R.H.|2002|Devlin and Nagahama 2002,Devlin|R.H.|2002|Devlin and Nagahama 2002,,,,
fish,Aulopiformes,Synodontidae,Synodus,hoshinonis-1,data,48,48,,,,ZW,female heterogametic,,,,,JK,,Arai|Ryoichi|2011|Arai 2011 Fish Karyotypes,Arai|Ryoichi|2011|Arai 2011 Fish Karyotypes,,,,Arai|Ryoichi|2011|Arai 2011 Fish Karyotypes,Arai|Ryoichi|2011|Arai 2011 Fish Karyotypes,,,,
Fish,Aulopiformes,Synodontidae,Synodus,hoshinonus-2,data,48,48,,2n,,ZW,female heterogametic,,,,,KP,,"Ueno|K|2001|Ueno K, Ota K, Kobayashi T (2001) Heteromorphic sex chromosomes of lizardfish (Synodontidae): focus on the ZZ-ZW1W2 system in Trachinocephalus myops. Genetica 111:133-142","Ueno|K|2001|Ueno K, Ota K, Kobayashi T (2001) Heteromorphic sex chromosomes of lizardfish (Synodontidae): focus on the ZZ-ZW1W2 system in Trachinocephalus myops. Genetica 111:133-142",,,,"Ueno|K|2001|Ueno K, Ota K, Kobayashi T (2001) Heteromorphic sex chromosomes of lizardfish (Synodontidae): focus on the ZZ-ZW1W2 system in Trachinocephalus myops. Genetica 111:133-142","Ueno|K|2001|Ueno K, Ota K, Kobayashi T (2001) Heteromorphic sex chromosomes of lizardfish (Synodontidae): focus on the ZZ-ZW1W2 system in Trachinocephalus myops. Genetica 111:133-142",,,,
fish,Aulopiformes,Synodontidae,Synodus,ulae-1,data,48,48,,,,ZW,female heterogametic,,,,,JK,,Arai|Ryoichi|2011|Arai 2011 Fish Karyotypes,Arai|Ryoichi|2011|Arai 2011 Fish Karyotypes,,,,Arai|Ryoichi|2011|Arai 2011 Fish Karyotypes,Arai|Ryoichi|2011|Arai 2011 Fish Karyotypes,,,,
Fish,Aulopiformes,Synodontidae,Synodus,ulae-2,data,48,48,,2n,,ZW,female heterogametic,,,,,KP,,"Ueno|K|2001|Ueno K, Ota K, Kobayashi T (2001) Heteromorphic sex chromosomes of lizardfish (Synodontidae): focus on the ZZ-ZW1W2 system in Trachinocephalus myops. Genetica 111:133-142","Ueno|K|2001|Ueno K, Ota K, Kobayashi T (2001) Heteromorphic sex chromosomes of lizardfish (Synodontidae): focus on the ZZ-ZW1W2 system in Trachinocephalus myops. Genetica 111:133-142",,,,"Ueno|K|2001|Ueno K, Ota K, Kobayashi T (2001) Heteromorphic sex chromosomes of lizardfish (Synodontidae): focus on the ZZ-ZW1W2 system in Trachinocephalus myops. Genetica 111:133-142","Ueno|K|2001|Ueno K, Ota K, Kobayashi T (2001) Heteromorphic sex chromosomes of lizardfish (Synodontidae): focus on the ZZ-ZW1W2 system in Trachinocephalus myops. Genetica 111:133-142",,,,
Fish,Aulopiformes,Synodontidae,Trachinocephalus,myops,data,27,26,0.8,2n,,complex ZW,female heterogametic,,,,,KP,ZW1W2,"Ueno|K|2001|Ueno K, Ota K, Kobayashi T (2001) Heteromorphic sex chromosomes of lizardfish (Synodontidae): focus on the ZZ-ZW1W2 system in Trachinocephalus myops. Genetica 111:133-142","Ueno|K|2001|Ueno K, Ota K, Kobayashi T (2001) Heteromorphic sex chromosomes of lizardfish (Synodontidae): focus on the ZZ-ZW1W2 system in Trachinocephalus myops. Genetica 111:133-142",genomesize.com,,,"Ueno|K|2001|Ueno K, Ota K, Kobayashi T (2001) Heteromorphic sex chromosomes of lizardfish (Synodontidae): focus on the ZZ-ZW1W2 system in Trachinocephalus myops. Genetica 111:133-142","Ueno|K|2001|Ueno K, Ota K, Kobayashi T (2001) Heteromorphic sex chromosomes of lizardfish (Synodontidae): focus on the ZZ-ZW1W2 system in Trachinocephalus myops. Genetica 111:133-142",,,,
fish,Beloniformes,Adrianichthyidae,Oryzias,curvinotus-1,data,48,48,,,,XY,male heterogametic,,,,,JK,,Arai|Ryoichi|2011|Arai 2011 Fish Karyotypes,Arai|Ryoichi|2011|Arai 2011 Fish Karyotypes,,,,Arai|Ryoichi|2011|Arai 2011 Fish Karyotypes,Arai|Ryoichi|2011|Arai 2011 Fish Karyotypes,,,,
Fish,Beloniformes,Adrianichthyidae,Oryzias,curvinotus-2,data,48,48,0.75,2n,,,male heterogametic,,,,Y dominant ,KP,DMY gene; Sex chromosome is LG 1 in O. curvinotus and O. latipes; not homologous in other Oryzias species; see Marshall Graves & Peichel for relationship to other fish sex chromosomes,genomesize.com,genomesize.com,genomesize.com,,,,"Matsuda|M|2003|Matsuda M, et al. (2003) Oryzias curvinotus has DMY, a gene that is required for male development in the medaka, O. latipes. Zoological Science 20: 159-161.",,,,"Matsuda|M|2003|Matsuda M, et al. (2003) Oryzias curvinotus has DMY, a gene that is required for male development in the medaka, O. latipes. Zoological Science 20: 159-161."
fish,Beloniformes,Adrianichthyidae,Oryzias,dancena-1,data,48,48,,,,XY,male heterogametic,,,,,JK,,Arai|Ryoichi|2011|Arai 2011 Fish Karyotypes,Arai|Ryoichi|2011|Arai 2011 Fish Karyotypes,,,,Arai|Ryoichi|2011|Arai 2011 Fish Karyotypes,Arai|Ryoichi|2011|Arai 2011 Fish Karyotypes,,,,
Fish,Beloniformes,Adrianichthyidae,Oryzias,dancena-2,data,48,48,,,,homomorphic,male heterogametic,,,,,KP,Sex chromosome is LG 10 in O. dancena; not homologous in other Oryzias species; see Marshall Graves & Peichel for relationship to other fish sex chromosomes,"Uwa|H|1983|Uwa H et al (1983) Karyotype and cellular DNA content of the Indian ricefish, Oryzias melastigma. Proc Jpn Acad 59B: 43-47","Uwa|H|1983|Uwa H et al (1983) Karyotype and cellular DNA content of the Indian ricefish, Oryzias melastigma. Proc Jpn Acad 59B: 43-47",,,,"Uwa|H|1983|Uwa H et al (1983) Karyotype and cellular DNA content of the Indian ricefish, Oryzias melastigma. Proc Jpn Acad 59B: 43-47","Takehana|Y|2007a|Takehana Y et al (2007) Evolution of different Y chromosomes in two medaka species, Oryzias dancena and O. latipes. Genetics 175: 1335-1340",,,,
fish,Beloniformes,Adrianichthyidae,Oryzias,hubbsi-1,data,48,48,,,,ZW,female heterogametic,,,,,JK,,Arai|Ryoichi|2011|Arai 2011 Fish Karyotypes,Arai|Ryoichi|2011|Arai 2011 Fish Karyotypes,,,,Arai|Ryoichi|2011|Arai 2011 Fish Karyotypes,Arai|Ryoichi|2011|Arai 2011 Fish Karyotypes,,,,
Fish,Beloniformes,Adrianichthyidae,Oryzias,hubbsi-2,data,48,48,,2n,,ZW,female heterogametic,,,,,KP,Sex chromosome is LG 5 in O. hubbsi; not homologous in other Oryzias species; see Marshall Graves & Peichel for relationship to other fish sex chromosomes,"Takehana|Y|2007b|Takehana Y et al (2007) Evolution of ZZ/ZW and XX/XY sex-determination systems in the closely related medaka species, Oryzias hubbsi and O. dancena. Chromosoma 116: 463-470.","Takehana|Y|2007b|Takehana Y et al (2007) Evolution of ZZ/ZW and XX/XY sex-determination systems in the closely related medaka species, Oryzias hubbsi and O. dancena. Chromosoma 116: 463-470.",,,,"Takehana|Y|2007b|Takehana Y et al (2007) Evolution of ZZ/ZW and XX/XY sex-determination systems in the closely related medaka species, Oryzias hubbsi and O. dancena. Chromosoma 116: 463-470.","Takehana|Y|2007b|Takehana Y et al (2007) Evolution of ZZ/ZW and XX/XY sex-determination systems in the closely related medaka species, Oryzias hubbsi and O. dancena. Chromosoma 116: 463-470.",,,,
fish,Beloniformes,Adrianichthyidae,Oryzias,javanicus-1,data,48,48,,,,ZW,female heterogametic,,,,,JK,,Arai|Ryoichi|2011|Arai 2011 Fish Karyotypes,Arai|Ryoichi|2011|Arai 2011 Fish Karyotypes,,,,Arai|Ryoichi|2011|Arai 2011 Fish Karyotypes,Arai|Ryoichi|2011|Arai 2011 Fish Karyotypes,,,,
Fish,Beloniformes,Adrianichthyidae,Oryzias,javanicus-2,data,48,48,0.87,2n,,ZW,female heterogametic,,,,,KP,Sex chromosome is LG 16 in O. hubbsi; not homologous in other Oryzias species; see Marshall Graves & Peichel for relationship to other fish sex chromosomes,genomesize.com,genomesize.com,genomesize.com,,,"Takehana|Y|2008|Takehana Y et al (2008) Different origins of ZZ/ZW sex chromosomes in closely related medaka fishes, Oryzias javanicus and O. hubbsi. Chromosome Research 16: 801-811","Takehana|Y|2008|Takehana Y et al (2008) Different origins of ZZ/ZW sex chromosomes in closely related medaka fishes, Oryzias javanicus and O. hubbsi. Chromosome Research 16: 801-811",,,,
Fish,Beloniformes,Adrianichthyidae,Oryzias,latipes-1,data,48,48,0.87,2n,,homomorphic,male heterogametic,,,,Y dominant,KP,DMY gene; homomorphic except 258kb on Y; Sex chromosome is LG 1 in O. curvinotus and O. latipes; not homologous in other Oryzias species; see Marshall Graves & Peichel for relationship to other fish sex chromosomes,genomesize.com,genomesize.com,genomesize.com,,,"Uwa|H|1981|Uwa H, Ojima Y (1981) Detailed banding and karyotype analysis of the medaka, Oryzias latipes, in cultured cells. Proc Jpn Acad B 57: 39-43; Kondo M et al. (2006) Genomic organization of the sex-determining and adjacent regions of the sex chromosome of medaka. Genome Research 16: 815-826","Aida|T|1921|Aida T (1921) On the inheritance of color in a freshwater fish, Aplocheilus latipes, Temminck and Schlegel, with special reference to sex-linked inheritance. Genetics 6: 554-573.",,,,"Matsuda|M|2003|Matsuda M, et al. (2003) Oryzias curvinotus has DMY, a gene that is required for male development in the medaka, O. latipes. Zoological Science 20: 159-161."
Fish,Beloniformes,Adrianichthyidae,Oryzias,latipes-2,data,48,48,1.07,2n,,homomorphic,male heterogametic,,,,Y dominant,KP,DMY gene; homomorphic except 258kb on Y; Sex chromosome is LG 1 in O. curvinotus and O. latipes; not homologous in other Oryzias species; see Marshall Graves & Peichel for relationship to other fish sex chromosomes,genomesize.com,genomesize.com,genomesize.com,,,"Uwa|H|1981|Uwa H, Ojima Y (1981) Detailed banding and karyotype analysis of the medaka, Oryzias latipes, in cultured cells. Proc Jpn Acad B 57: 39-43; Kondo M et al. (2006) Genomic organization of the sex-determining and adjacent regions of the sex chromosome of medaka. Genome Research 16: 815-826","Aida|T|1921|Aida T (1921) On the inheritance of color in a freshwater fish, Aplocheilus latipes, Temminck and Schlegel, with special reference to sex-linked inheritance. Genetics 6: 554-573.",,,,"Matsuda|M|2003|Matsuda M, et al. (2003) Oryzias curvinotus has DMY, a gene that is required for male development in the medaka, O. latipes. Zoological Science 20: 159-161."
Fish,Beloniformes,Adrianichthyidae,Oryzias,latipes-3,data,48,48,1.09,2n,,homomorphic,male heterogametic,,,,Y dominant,KP,DMY gene; homomorphic except 258kb on Y; Sex chromosome is LG 1 in O. curvinotus and O. latipes; not homologous in other Oryzias species; see Marshall Graves & Peichel for relationship to other fish sex chromosomes,genomesize.com,genomesize.com,genomesize.com,,,"Uwa|H|1981|Uwa H, Ojima Y (1981) Detailed banding and karyotype analysis of the medaka, Oryzias latipes, in cultured cells. Proc Jpn Acad B 57: 39-43; Kondo M et al. (2006) Genomic organization of the sex-determining and adjacent regions of the sex chromosome of medaka. Genome Research 16: 815-826","Aida|T|1921|Aida T (1921) On the inheritance of color in a freshwater fish, Aplocheilus latipes, Temminck and Schlegel, with special reference to sex-linked inheritance. Genetics 6: 554-573.",,,,"Matsuda|M|2003|Matsuda M, et al. (2003) Oryzias curvinotus has DMY, a gene that is required for male development in the medaka, O. latipes. Zoological Science 20: 159-161."
Fish,Beloniformes,Adrianichthyidae,Oryzias,latipes-4,data,48,48,1.1,2n,,homomorphic,male heterogametic,,,,Y dominant,KP,DMY gene; homomorphic except 258kb on Y; Sex chromosome is LG 1 in O. curvinotus and O. latipes; not homologous in other Oryzias species; see Marshall Graves & Peichel for relationship to other fish sex chromosomes,genomesize.com,genomesize.com,genomesize.com,,,"Uwa|H|1981|Uwa H, Ojima Y (1981) Detailed banding and karyotype analysis of the medaka, Oryzias latipes, in cultured cells. Proc Jpn Acad B 57: 39-43; Kondo M et al. (2006) Genomic organization of the sex-determining and adjacent regions of the sex chromosome of medaka. Genome Research 16: 815-826","Aida|T|1921|Aida T (1921) On the inheritance of color in a freshwater fish, Aplocheilus latipes, Temminck and Schlegel, with special reference to sex-linked inheritance. Genetics 6: 554-573.",,,,"Matsuda|M|2003|Matsuda M, et al. (2003) Oryzias curvinotus has DMY, a gene that is required for male development in the medaka, O. latipes. Zoological Science 20: 159-161."
Fish,Beloniformes,Adrianichthyidae,Oryzias,luzonensis,data,48,48,0.95,2n,,homomorphic,male heterogametic,,,,,KP,Sex chromosome is LG 12 in O. luzonensis; not homologous in other Oryzias species; see Marshall Graves & Peichel for relationship to other fish sex chromosomes,genomesize.com,genomesize.com,genomesize.com,,,Tanaka|K|2007|Tanaka K et al. (2007) Evidence for different origins of sex chromosomes in closely related Oryzias fishes: substitution of the master sex-determining gene. Genetics 177 :2075-2081.,Hamaguchi|S|2004|Hamaguchi S et al (2004) The XX-XY sex-determination system in Oryzias luzonensis and O. mekongensis revealed by the sex ratio of the progeny of sex-reversed fish. Zoological Science 21: 1015-1018; Tanaka K et al. (2007) Evidence for different origins of sex chromosomes in closely related Oryzias fishes: substitution of the master sex-determining gene. Genetics 177 :2075-2081.,,,,
Fish,Beloniformes,Adrianichthyidae,Oryzias,mekongensis,data,48,48,0.75,2n,,,male heterogametic,,,,,KP,Sex chromosome is LG 2 in O. mekongensis; not homologous in other Oryzias species; see Marshall Graves & Peichel for relationship to other fish sex chromosomes,genomesize.com,genomesize.com,genomesize.com,,,,Hamaguchi|S|2004|Hamaguchi S et al (2004) The XX-XY sex-determination system in Oryzias luzonensis and O. mekongensis revealed by the sex ratio of the progeny of sex-reversed fish. Zoological Science 21: 1015-1018; Tanaka K et al. (2007) Evidence for different origins of sex chromosomes in closely related Oryzias fishes: substitution of the master sex-determining gene. Genetics 177 :2075-2081.,,,,
Fish,Beloniformes,Adrianichthyidae,Oryzias,minutullis,data,30,30,0.75,2n,,homomorphic,male heterogametic,,,,,KP,Sex chromosome is LG 8 in O. minutillus; not homologous in other Oryzias species; see Marshall Graves & Peichel for relationship to other fish sex chromosomes,genomesize.com,genomesize.com,genomesize.com,,,"Magtoon|W|1985|Magtoon W, Uwa H (1985) Karyotype evolution and relationship of a small ricefish, Oryzias minutillus, from Thailand. Proc Japan Acad 61B: 157-160","Nagai|T|2008|Nagai T et al. (2008) Identification of the sex-determining locus in the Thai medaka, Oryzias minutillus. Cytogenetic and Genome Research 121: 137-142.",,,,
Fish,Beryciformes,Berycidae,Beryx,splendens-1,data,48,47,0.85,2n,,complex XY,male heterogametic,,,,,KP,X1X2Y,"Ojima|Y|1986|Ojima Y, Kikuno T (1986) A heteromorphic chromosome of Beryx splendens, Berycidae (Pisces). Proc Jpn Acad Ser B Phys Biol Sci 62:317-320","Ojima|Y|1986|Ojima Y, Kikuno T (1986) A heteromorphic chromosome of Beryx splendens, Berycidae (Pisces). Proc Jpn Acad Ser B Phys Biol Sci 62:317-320",genomesize.com,,,"Ojima|Y|1986|Ojima Y, Kikuno T (1986) A heteromorphic chromosome of Beryx splendens, Berycidae (Pisces). Proc Jpn Acad Ser B Phys Biol Sci 62:317-320","Ojima|Y|1986|Ojima Y, Kikuno T (1986) A heteromorphic chromosome of Beryx splendens, Berycidae (Pisces). Proc Jpn Acad Ser B Phys Biol Sci 62:317-320",,,,
Fish,Beryciformes,Berycidae,Beryx,splendens-2,data,48,47,1.01,2n,,complex XY,male heterogametic,,,,,KP,X1X2Y,"Ojima|Y|1986|Ojima Y, Kikuno T (1986) A heteromorphic chromosome of Beryx splendens, Berycidae (Pisces). Proc Jpn Acad Ser B Phys Biol Sci 62:317-320","Ojima|Y|1986|Ojima Y, Kikuno T (1986) A heteromorphic chromosome of Beryx splendens, Berycidae (Pisces). Proc Jpn Acad Ser B Phys Biol Sci 62:317-320",genomesize.com,,,"Ojima|Y|1986|Ojima Y, Kikuno T (1986) A heteromorphic chromosome of Beryx splendens, Berycidae (Pisces). Proc Jpn Acad Ser B Phys Biol Sci 62:317-320","Ojima|Y|1986|Ojima Y, Kikuno T (1986) A heteromorphic chromosome of Beryx splendens, Berycidae (Pisces). Proc Jpn Acad Ser B Phys Biol Sci 62:317-320",,,,
fish,Carcharhiniformes,Triakidae,Triakis,semlfasciata,data,,72,,,,XY,male heterogametic,,,,,JK,XY?,,Arai|Ryoichi|2011|Arai 2011 Fish Karyotypes,,,,Arai|Ryoichi|2011|Arai 2011 Fish Karyotypes,Arai|Ryoichi|2011|Arai 2011 Fish Karyotypes,,,,
Fish,Characiformes,anostomidae,Leporinus,conirostris,data,,,,,,homomorphic  ,female heterogametic,,,,,JEM,,,,,,,Moreira-Filho|O.|1993,Moreira-Filho|O.|1993,,,,
Fish,Characiformes,anostomidae,Leporinus,elongatus,data,54,54,1.47,,,homomorphic  ,female heterogametic,,,,,JEM,,http://www.genomesize.com,http://www.genomesize.com,http://www.genomesize.com,,,Devlin|R.H.|2002|Devlin and Nagahama 2002,Devlin|R.H.|2002|Devlin and Nagahama 2002,,,,
Fish,Characiformes,anostomidae,Leporinus,lacustris,data,,,,,,homomorphic  ,male heterogametic,,,,,JEM,,,,,,,Devlin|R.H.|2002|Devlin and Nagahama 2002,Devlin|R.H.|2002|Devlin and Nagahama 2002,,,,
Fish,Characiformes,anostomidae,Leporinus,macrocephalus,data,,,,,,homomorphic  ,female heterogametic,,,,,JEM,,,,,,,Devlin|R.H.|2002|Devlin and Nagahama 2002,Devlin|R.H.|2002|Devlin and Nagahama 2002,,,,
Fish,Characiformes,anostomidae,Leporinus,obtusidens,data,54,54,1.42,,,homomorphic  ,female heterogametic,,,,,JEM,,http://www.genomesize.com,http://www.genomesize.com,http://www.genomesize.com,,,Moreira-Filho|O.|1993,Moreira-Filho|O.|1993,,,,
Fish,Characiformes,anostomidae,Leporinus,reinhardti,data,54,54,1.43,,,homomorphic  ,female heterogametic,,,,,JEM,,http://www.genomesize.com,http://www.genomesize.com,http://www.genomesize.com,,,Moreira-Filho|O.|1993,Moreira-Filho|O.|1993,,,,
Fish,Characiformes,anostomidae,Leporinus,silvestrii,data,,,,,,homomorphic  ,female heterogametic,,,,,JEM,,,,,,,Devlin|R.H.|2002|Devlin and Nagahama 2002,Devlin|R.H.|2002|Devlin and Nagahama 2002,,,,
Fish,Characiformes,anostomidae,Leporinus,trifasciatus,data,,,,,,homomorphic  ,female heterogametic,,,,,JEM,,,,,,,Moreira-Filho|O.|1993,Moreira-Filho|O.|1993,,,,
Fish,Characiformes,characidae,Triportheus,albus,data,,,,,,homomorphic  ,female heterogametic,,,,,JEM,,,,,,,Moreira-Filho|O.|1993,Moreira-Filho|O.|1993,,,,
Fish,Characiformes,characidae,Triportheus,angulatus,data,,,,,,homomorphic  ,female heterogametic,,,,,JEM,,,,,,,Moreira-Filho|O.|1993,Moreira-Filho|O.|1993,,,,
Fish,Characiformes,characidae,Triportheus,elongatus,data,,,,,,homomorphic  ,female heterogametic,,,,,JEM,,,,,,,Moreira-Filho|O.|1993,Moreira-Filho|O.|1993,,,,
Fish,Characiformes,characidae,Triportheus,guentheri,data,,,,,,homomorphic  ,female heterogametic,,,,,JEM,,,,,,,Devlin|R.H.|2002|Devlin and Nagahama 2002,Devlin|R.H.|2002|Devlin and Nagahama 2002,,,,
Fish,Characiformes,characidae,Triportheus,paranensis,data,,,1.34,,,homomorphic  ,female heterogametic,,,,,JEM,,,,http://www.genomesize.com,,,de Almeida Toledo|L.F.|2001,de Almeida Toledo|L.F.|2001,,,,
Fish,Characiformes,characidae,Triportheus,signatus,data,,,,,,homomorphic  ,female heterogametic,,,,,JEM,,,,,,,Moreira-Filho|O.|1993,Moreira-Filho|O.|1993,,,,
Fish,Characiformes,crenuchidae,Characidium,alipioi,data,,,,,,homomorphic  ,female heterogametic,,,,,JEM,,,,,,,Caravalho|M.L.|2002,Caravalho|M.L.|2002,,,,
Fish,Characiformes,crenuchidae,Characidium,fasciatum,data,,,,,,homomorphic  ,female heterogametic,,,,,JEM,,,,,,,Devlin|R.H.|2002|Devlin and Nagahama 2002,Devlin|R.H.|2002|Devlin and Nagahama 2002,,,,
Fish,Characiformes,crenuchidae,Characidium,gomesi,data,,,,,,homomorphic  ,female heterogametic,,,,,JEM,,,,,,,Caravalho|M.L.|2002,Caravalho|M.L.|2002,,,,
Fish,Characiformes,Erythrinidae,Erythrinus,erythrinus A,data,54,54,1.16,2n,,homomorphic,,,,,,KP,,"Bertollo|L.A.C.|2004|Bertollo LAC, et al. (2004) Chromosome evolution in the erythrinid fish, Erythrinus erythrinus (Teleostei: Characiformes). Heredity 93:228-233","Bertollo|L.A.C.|2004|Bertollo LAC, et al. (2004) Chromosome evolution in the erythrinid fish, Erythrinus erythrinus (Teleostei: Characiformes). Heredity 93:228-233",genomesize.com,,,"Bertollo|L.A.C.|2004|Bertollo LAC, et al. (2004) Chromosome evolution in the erythrinid fish, Erythrinus erythrinus (Teleostei: Characiformes). Heredity 93:228-233",,,,,
Fish,Characiformes,Erythrinidae,Erythrinus,erythrinus B,data,54,53,,2n,,complex XY,male heterogametic,,,,,KP,X1X2Y,"Bertollo|L.A.C.|2004|Bertollo LAC, et al. (2004) Chromosome evolution in the erythrinid fish, Erythrinus erythrinus (Teleostei: Characiformes). Heredity 93:228-233","Bertollo|L.A.C.|2004|Bertollo LAC, et al. (2004) Chromosome evolution in the erythrinid fish, Erythrinus erythrinus (Teleostei: Characiformes). Heredity 93:228-233",,,,"Bertollo|L.A.C.|2004|Bertollo LAC, et al. (2004) Chromosome evolution in the erythrinid fish, Erythrinus erythrinus (Teleostei: Characiformes). Heredity 93:228-233","Bertollo|L.A.C.|2004|Bertollo LAC, et al. (2004) Chromosome evolution in the erythrinid fish, Erythrinus erythrinus (Teleostei: Characiformes). Heredity 93:228-233",,,,
Fish,Characiformes,Erythrinidae,Erythrinus,erythrinus C,data,52,51,,2n,,complex XY,male heterogametic,,,,,KP,X1X2Y,"Bertollo|L.A.C.|2004|Bertollo LAC, et al. (2004) Chromosome evolution in the erythrinid fish, Erythrinus erythrinus (Teleostei: Characiformes). Heredity 93:228-233","Bertollo|L.A.C.|2004|Bertollo LAC, et al. (2004) Chromosome evolution in the erythrinid fish, Erythrinus erythrinus (Teleostei: Characiformes). Heredity 93:228-233",,,,"Bertollo|L.A.C.|2004|Bertollo LAC, et al. (2004) Chromosome evolution in the erythrinid fish, Erythrinus erythrinus (Teleostei: Characiformes). Heredity 93:228-233","Bertollo|L.A.C.|2004|Bertollo LAC, et al. (2004) Chromosome evolution in the erythrinid fish, Erythrinus erythrinus (Teleostei: Characiformes). Heredity 93:228-233",,,,
Fish,Characiformes,Erythrinidae,Erythrinus,erythrinus D,data,52,51,,2n,,complex XY,male heterogametic,,,,,KP,X1X2Y,"Bertollo|L.A.C.|2004|Bertollo LAC, et al. (2004) Chromosome evolution in the erythrinid fish, Erythrinus erythrinus (Teleostei: Characiformes). Heredity 93:228-233","Bertollo|L.A.C.|2004|Bertollo LAC, et al. (2004) Chromosome evolution in the erythrinid fish, Erythrinus erythrinus (Teleostei: Characiformes). Heredity 93:228-233",,,,"Bertollo|L.A.C.|2004|Bertollo LAC, et al. (2004) Chromosome evolution in the erythrinid fish, Erythrinus erythrinus (Teleostei: Characiformes). Heredity 93:228-233","Bertollo|L.A.C.|2004|Bertollo LAC, et al. (2004) Chromosome evolution in the erythrinid fish, Erythrinus erythrinus (Teleostei: Characiformes). Heredity 93:228-233",,,,
Fish,Characiformes,erythrinidae,Hoplias,lacerdae,data,,,,,,homomorphic  ,male heterogametic,,,,,JEM,,,,,,,Chourrout|D|1986,Chourrout|D|1986,,,,
Fish,Characiformes,Erythrinidae,Hoplias,malabaricus-1,data,40,39,,2n,,complex XY,male heterogametic,,,,,KP,X1X2Y,"Bertollo|L.A.C.|2000|Bertollo LAC, et al. (2000) A biodiversity approach in the neotropical Erythrinidae fish, Hoplias malabaricus. Karyotypic survey, geographic distribution of cytotypes and cytotaxonomic considerations. Chrom Res 8:603-613; Rosa R, et al. (2009) Cytotaxonomy in distinct populations in Hoplias aff. malabaricus (Characiformes, Erythrinidae) from lower Paranapanema River basin. J Fish Biol 75:2682-2694","Bertollo|L.A.C.|2000|Bertollo LAC, et al. (2000) A biodiversity approach in the neotropical Erythrinidae fish, Hoplias malabaricus. Karyotypic survey, geographic distribution of cytotypes and cytotaxonomic considerations. Chrom Res 8:603-613; Rosa R, et al. (2009) Cytotaxonomy in distinct populations in Hoplias aff. malabaricus (Characiformes, Erythrinidae) from lower Paranapanema River basin. J Fish Biol 75:2682-2694",,,,"Bertollo|L.A.C.|2000|Bertollo LAC, et al. (2000) A biodiversity approach in the neotropical Erythrinidae fish, Hoplias malabaricus. Karyotypic survey, geographic distribution of cytotypes and cytotaxonomic considerations. Chrom Res 8:603-613; Rosa R, et al. (2009) Cytotaxonomy in distinct populations in Hoplias aff. malabaricus (Characiformes, Erythrinidae) from lower Paranapanema River basin. J Fish Biol 75:2682-2694","Bertollo|L.A.C.|2000|Bertollo LAC, et al. (2000) A biodiversity approach in the neotropical Erythrinidae fish, Hoplias malabaricus. Karyotypic survey, geographic distribution of cytotypes and cytotaxonomic considerations. Chrom Res 8:603-613; Rosa R, et al. (2009) Cytotaxonomy in distinct populations in Hoplias aff. malabaricus (Characiformes, Erythrinidae) from lower Paranapanema River basin. J Fish Biol 75:2682-2694",,,,
Fish,Characiformes,Erythrinidae,Hoplias,malabaricus-2,data,42,42,,2n,,XY,male heterogametic,,,,,KP,,"Bertollo|L.A.C.|2000|Bertollo LAC, et al. (2000) A biodiversity approach in the neotropical Erythrinidae fish, Hoplias malabaricus. Karyotypic survey, geographic distribution of cytotypes and cytotaxonomic considerations. Chrom Res 8:603-613; Rosa R, et al. (2009) Cytotaxonomy in distinct populations in Hoplias aff. malabaricus (Characiformes, Erythrinidae) from lower Paranapanema River basin. J Fish Biol 75:2682-2694","Bertollo|L.A.C.|2000|Bertollo LAC, et al. (2000) A biodiversity approach in the neotropical Erythrinidae fish, Hoplias malabaricus. Karyotypic survey, geographic distribution of cytotypes and cytotaxonomic considerations. Chrom Res 8:603-613; Rosa R, et al. (2009) Cytotaxonomy in distinct populations in Hoplias aff. malabaricus (Characiformes, Erythrinidae) from lower Paranapanema River basin. J Fish Biol 75:2682-2694",,,,"Bertollo|L.A.C.|2000|Bertollo LAC, et al. (2000) A biodiversity approach in the neotropical Erythrinidae fish, Hoplias malabaricus. Karyotypic survey, geographic distribution of cytotypes and cytotaxonomic considerations. Chrom Res 8:603-613; Rosa R, et al. (2009) Cytotaxonomy in distinct populations in Hoplias aff. malabaricus (Characiformes, Erythrinidae) from lower Paranapanema River basin. J Fish Biol 75:2682-2694","Bertollo|L.A.C.|2000|Bertollo LAC, et al. (2000) A biodiversity approach in the neotropical Erythrinidae fish, Hoplias malabaricus. Karyotypic survey, geographic distribution of cytotypes and cytotaxonomic considerations. Chrom Res 8:603-613; Rosa R, et al. (2009) Cytotaxonomy in distinct populations in Hoplias aff. malabaricus (Characiformes, Erythrinidae) from lower Paranapanema River basin. J Fish Biol 75:2682-2694",,,,
Fish,Characiformes,Erythrinidae,Hoplias,malabaricus-3,data,40,41,,2n,,complex XY,male heterogametic,,,,,KP,XY1Y2,"Bertollo|L.A.C.|2000|Bertollo LAC, et al. (2000) A biodiversity approach in the neotropical Erythrinidae fish, Hoplias malabaricus. Karyotypic survey, geographic distribution of cytotypes and cytotaxonomic considerations. Chrom Res 8:603-613; Rosa R, et al. (2009) Cytotaxonomy in distinct populations in Hoplias aff. malabaricus (Characiformes, Erythrinidae) from lower Paranapanema River basin. J Fish Biol 75:2682-2694","Bertollo|L.A.C.|2000|Bertollo LAC, et al. (2000) A biodiversity approach in the neotropical Erythrinidae fish, Hoplias malabaricus. Karyotypic survey, geographic distribution of cytotypes and cytotaxonomic considerations. Chrom Res 8:603-613; Rosa R, et al. (2009) Cytotaxonomy in distinct populations in Hoplias aff. malabaricus (Characiformes, Erythrinidae) from lower Paranapanema River basin. J Fish Biol 75:2682-2694",,,,"Bertollo|L.A.C.|2000|Bertollo LAC, et al. (2000) A biodiversity approach in the neotropical Erythrinidae fish, Hoplias malabaricus. Karyotypic survey, geographic distribution of cytotypes and cytotaxonomic considerations. Chrom Res 8:603-613; Rosa R, et al. (2009) Cytotaxonomy in distinct populations in Hoplias aff. malabaricus (Characiformes, Erythrinidae) from lower Paranapanema River basin. J Fish Biol 75:2682-2694","Bertollo|L.A.C.|2000|Bertollo LAC, et al. (2000) A biodiversity approach in the neotropical Erythrinidae fish, Hoplias malabaricus. Karyotypic survey, geographic distribution of cytotypes and cytotaxonomic considerations. Chrom Res 8:603-613; Rosa R, et al. (2009) Cytotaxonomy in distinct populations in Hoplias aff. malabaricus (Characiformes, Erythrinidae) from lower Paranapanema River basin. J Fish Biol 75:2682-2694",,,,
Fish,Characiformes,Erythrinidae,Hoplias,malabaricus-4,data,,,1.16,2n,,,,,,,,KP,,,,genomesize.com,,,,,,,,
Fish,Characiformes,Erythrinidae,Hoplias,malabaricus-5,data,,,1.4,2n,,,,,,,,KP,,,,genomesize.com,,,,,,,,
Fish,Characiformes,gasteropelicidae,Thoracocharax ,stellatus-1,data,,,1.29,,,homomorphic  ,female heterogametic,,,,,JEM,,,,http://www.genomesize.com,,,Caravalho|M.L.|2002,Caravalho|M.L.|2002,,,,
Fish,Characiformes,gasteropelicidae,Thoracocharax ,stellatus-2,data,52,52,1.09,,,homomorphic  ,female heterogametic,,,,,JEM,,http://www.genomesize.com,http://www.genomesize.com,http://www.genomesize.com,,,Caravalho|M.L.|2002,Caravalho|M.L.|2002,,,,
Fish,Characiformes,Parodontidae,Apareiodon,affinis-1,data,55,54,,2n,,ZW1W2,female heterogametic,,,,,KP,,"Jesus|C.M.|1999|Jesus CM, et al. O (1999) Comparative cytogenetics in Apareiodon affinis (Pisces, Characiformes) and considerations regarding diversification of the group. Genetica 105:63-67; Moreira-Filho O, et al. (1980) Evidence for a multiple sex chromosome system with female heterogametic in Apareiodon affinis (Pisces, Parodontidae). Caryologia 33:83-91","Jesus|C.M.|1999|Jesus CM, et al. O (1999) Comparative cytogenetics in Apareiodon affinis (Pisces, Characiformes) and considerations regarding diversification of the group. Genetica 105:63-67; Moreira-Filho O, et al. (1980) Evidence for a multiple sex chromosome system with female heterogametic in Apareiodon affinis (Pisces, Parodontidae). Caryologia 33:83-91",,,,"Jesus|C.M.|1999|Jesus CM, et al. O (1999) Comparative cytogenetics in Apareiodon affinis (Pisces, Characiformes) and considerations regarding diversification of the group. Genetica 105:63-67; Moreira-Filho O, et al. (1980) Evidence for a multiple sex chromosome system with female heterogametic in Apareiodon affinis (Pisces, Parodontidae). Caryologia 33:83-91","Jesus|C.M.|1999|Jesus CM, et al. O (1999) Comparative cytogenetics in Apareiodon affinis (Pisces, Characiformes) and considerations regarding diversification of the group. Genetica 105:63-67; Moreira-Filho O, et al. (1980) Evidence for a multiple sex chromosome system with female heterogametic in Apareiodon affinis (Pisces, Parodontidae). Caryologia 33:83-91",,,,
Fish,Characiformes,Parodontidae,Apareiodon,affinis-2,data,56,56,,2n,,homomorphic,,,,,,KP,,"Jesus|C.M.|1999|Jesus CM, et al. O (1999) Comparative cytogenetics in Apareiodon affinis (Pisces, Characiformes) and considerations regarding diversification of the group. Genetica 105:63-67; Moreira-Filho O, et al. (1980) Evidence for a multiple sex chromosome system with female heterogametic in Apareiodon affinis (Pisces, Parodontidae). Caryologia 33:83-91","Jesus|C.M.|1999|Jesus CM, et al. O (1999) Comparative cytogenetics in Apareiodon affinis (Pisces, Characiformes) and considerations regarding diversification of the group. Genetica 105:63-67; Moreira-Filho O, et al. (1980) Evidence for a multiple sex chromosome system with female heterogametic in Apareiodon affinis (Pisces, Parodontidae). Caryologia 33:83-91",,,,"Jesus|C.M.|1999|Jesus CM, et al. O (1999) Comparative cytogenetics in Apareiodon affinis (Pisces, Characiformes) and considerations regarding diversification of the group. Genetica 105:63-67; Moreira-Filho O, et al. (1980) Evidence for a multiple sex chromosome system with female heterogametic in Apareiodon affinis (Pisces, Parodontidae). Caryologia 33:83-91",,,,,
Fish,Characiformes,parodontidae,Parodon,hilarii,data,,,,,,homomorphic  ,female heterogametic,,,,,JEM,,,,,,,Devlin|R.H.|2002|Devlin and Nagahama 2002,Devlin|R.H.|2002|Devlin and Nagahama 2002,,,,
Fish,Characiformes,parodontidae,Parodon,tortuosus,data,,,,,,homomorphic  ,female heterogametic,,,,,JEM,,,,,,,Caravalho|M.L.|2002,Caravalho|M.L.|2002,,,,
Fish,Characiformes,prochilodontidae,Semaprochilodus,taeniurus,data,,,,,,homomorphic  ,female heterogametic,,,,,JEM,,,,,,,Devlin|R.H.|2002|Devlin and Nagahama 2002,Devlin|R.H.|2002|Devlin and Nagahama 2002,,,,
Fish,Clupeiformes,Clupeidae,Brevoortia,aurea,data,46,45,,2n,,complex XY,male heterogametic,,,,,KP,X1X2Y,"Brum|M.J.I.|1992|Brum MJI, Galetti PM (1992) Multiple sex chromosomes in south Atlantic fish, Brevoortia aurea, Clupeidae. Rev Brazil Genet 15:547-553","Brum|M.J.I.|1992|Brum MJI, Galetti PM (1992) Multiple sex chromosomes in south Atlantic fish, Brevoortia aurea, Clupeidae. Rev Brazil Genet 15:547-553",,,,"Brum|M.J.I.|1992|Brum MJI, Galetti PM (1992) Multiple sex chromosomes in south Atlantic fish, Brevoortia aurea, Clupeidae. Rev Brazil Genet 15:547-553","Brum|M.J.I.|1992|Brum MJI, Galetti PM (1992) Multiple sex chromosomes in south Atlantic fish, Brevoortia aurea, Clupeidae. Rev Brazil Genet 15:547-553",,,,
Fish,Clupeiformes,Clupeidae,Brevoortia,pectinata,data,46,46,,2n,,homomorphic,,,,,,KP,,"Brum|M.J.I.|1992|Brum MJI, Galetti PM (1992) Multiple sex chromosomes in south Atlantic fish, Brevoortia aurea, Clupeidae. Rev Brazil Genet 15:547-553","Brum|M.J.I.|1992|Brum MJI, Galetti PM (1992) Multiple sex chromosomes in south Atlantic fish, Brevoortia aurea, Clupeidae. Rev Brazil Genet 15:547-553",,,,"Brum|M.J.I.|1992|Brum MJI, Galetti PM (1992) Multiple sex chromosomes in south Atlantic fish, Brevoortia aurea, Clupeidae. Rev Brazil Genet 15:547-553",,,,,
Fish,Clupeiformes,clupeidae,Tenualosa,macrura,data,,,,,hermaphrodite,,,,,,,JEM,protandrous hermaphrodite,,,,,Blaber|S.J.|1999,,,,,,
Fish,Clupeiformes,clupeidae,Tenualosa,toli,data,,,,,hermaphrodite,,,,,,,JEM,protandrous hermaphrodite,,,,,Devlin|R.H.|2002|Devlin and Nagahama 2002,,,,,,
fish,Clupeiformes,Coilinae,Coilia,nasus,data,47,48,,,,ZO,female heterogametic,,,,,JK,,Arai|Ryoichi|2011|Arai 2011 Fish Karyotypes,Arai|Ryoichi|2011|Arai 2011 Fish Karyotypes,,,,Arai|Ryoichi|2011|Arai 2011 Fish Karyotypes,Arai|Ryoichi|2011|Arai 2011 Fish Karyotypes,,,,
fish,Clupeiformes,Cyprinidae,Carassius,auratus-1,data,,,1.6,,,XY,male heterogametic,,,,,JK,,,,http://www.genomesize.com,,,Arai|Ryoichi|2011|Arai 2011 Fish Karyotypes,Arai|Ryoichi|2011|Arai 2011 Fish Karyotypes,,,,
fish,Clupeiformes,Cyprinidae,Carassius,auratus-10,data,,,1.86,,,XY,male heterogametic,,,,,JK,,,,http://www.genomesize.com,,,Arai|Ryoichi|2011|Arai 2011 Fish Karyotypes,Arai|Ryoichi|2011|Arai 2011 Fish Karyotypes,,,,
fish,Clupeiformes,Cyprinidae,Carassius,auratus-11,data,,,1.86,,,XY,male heterogametic,,,,,JK,,,,http://www.genomesize.com,,,Arai|Ryoichi|2011|Arai 2011 Fish Karyotypes,Arai|Ryoichi|2011|Arai 2011 Fish Karyotypes,,,,
fish,Clupeiformes,Cyprinidae,Carassius,auratus-12,data,,,1.88,,,XY,male heterogametic,,,,,JK,,,,http://www.genomesize.com,,,Arai|Ryoichi|2011|Arai 2011 Fish Karyotypes,Arai|Ryoichi|2011|Arai 2011 Fish Karyotypes,,,,
